,state,customer lifetime value,income,monthly premium auto,policy type,vehicle class,total claim amount
0,Washington,793690.2593445693,0.0,1000.0,Personal Auto,Four-Door Car,2.704934
1,Arizona,697953.59,0.0,94.0,Personal Auto,Four-Door Car,1131.464935
2,Nevada,1288743.17,48767.0,108.0,Personal Auto,Two-Door Car,566.472247
3,California,764586.18,0.0,106.0,Corporate Auto,SUV,529.881344
4,Washington,536307.65,36357.0,68.0,Personal Auto,Four-Door Car,17.269323
5,Oregon,825629.78,62902.0,69.0,Personal Auto,Two-Door Car,159.383042
6,Oregon,538089.86,55350.0,67.0,Corporate Auto,Four-Door Car,321.6
7,Arizona,721610.03,0.0,101.0,Corporate Auto,Four-Door Car,363.02968
8,Oregon,2412750.4,14072.0,71.0,Corporate Auto,Four-Door Car,511.2
9,Oregon,738817.81,28812.0,93.0,Special Auto,Four-Door Car,425.527834
10,California,473899.2,0.0,67.0,Personal Auto,Four-Door Car,482.4
11,California,819719.71,0.0,110.0,Personal Auto,SUV,528.0
12,California,879879.7,77026.0,110.0,Corporate Auto,Four-Door Car,472.029737
13,Arizona,881901.89,99845.0,110.0,Corporate Auto,SUV,528.0
14,California,538443.17,83689.0,70.0,Corporate Auto,Four-Door Car,307.139132
15,Oregon,746313.94,24599.0,64.0,Corporate Auto,Four-Door Car,42.920271
16,Nevada,256686.78,25049.0,67.0,Personal Auto,Two-Door Car,454.245098
17,Cali,394524.16,28855.0,101.0,Personal Auto,SUV,647.442031
18,Oregon,571033.31,51148.0,72.0,Personal Auto,Four-Door Car,308.981664
19,California,816261.71,66140.0,101.0,Corporate Auto,Four-Door Car,484.8
20,Oregon,287205.13,57749.0,74.0,Personal Auto,Two-Door Car,355.2
21,Washington,617710.93,61040.0,79.0,Personal Auto,Two-Door Car,20.382876
22,Arizona,2412750.4,14072.0,71.0,Personal Auto,Four-Door Car,511.2
23,Nevada,245019.1,0.0,73.0,Corporate Auto,Four-Door Car,554.376763
24,California,239210.79,17870.0,61.0,Corporate Auto,Four-Door Car,439.2
25,Oregon,580206.6,97541.0,72.0,Personal Auto,Four-Door Car,389.185006
26,California,394637.21,0.0,111.0,Personal Auto,Four-Door Car,799.2
27,Washington,916206.32,29723.0,80.0,Personal Auto,Four-Door Car,20.985105
28,AZ,1290256.01,86584.0,111.0,Personal Auto,Four-Door Car,532.8
29,Oregon,323536.05,75690.0,80.0,Personal Auto,Four-Door Car,384.0
30,Arizona,245458.35,23158.0,63.0,Personal Auto,Four-Door Car,322.294043
31,Nevada,1897545.61,65999.0,237.0,Corporate Auto,Luxury SUV,615.927769
32,California,471532.13,0.0,65.0,Personal Auto,Four-Door Car,308.15089
33,Washington,473787.17,0.0,130.0,Personal Auto,SUV,23.820158
34,Oregon,493291.63,37260.0,62.0,Corporate Auto,Four-Door Car,15.437681
35,Arizona,574422.97,68987.0,71.0,Personal Auto,Four-Door Car,204.475147
36,California,1389173.57,42305.0,117.0,Personal Auto,Four-Door Car,561.6
37,Oregon,738097.67,65706.0,91.0,Personal Auto,Four-Door Car,436.8
38,Oregon,309003.41,0.0,90.0,Personal Auto,Two-Door Car,648.0
39,Arizona,252163.31,53243.0,66.0,Personal Auto,Four-Door Car,157.397849
40,Nevada,265206.18,0.0,70.0,Corporate Auto,Two-Door Car,484.318536
41,Oregon,277104.5,50071.0,71.0,Corporate Auto,Two-Door Car,18.918935
42,California,393900.64,60021.0,99.0,Personal Auto,Four-Door Car,882.871945
43,Arizona,1223187.97,43244.0,103.0,Personal Auto,Sports Car,494.4
44,Washington,495165.61,46896.0,35354.0,Personal Auto,Four-Door Car,31.707317
45,Oregon,1281910.29,10105.0,172.0,Personal Auto,SUV,0.517753
46,Arizona,446851.05,0.0,73.0,Personal Auto,Four-Door Car,579.165954
47,Oregon,551434.4,23218.0,71.0,Personal Auto,Two-Door Car,447.79344
48,California,334387.53,0.0,92.0,Corporate Auto,Four-Door Car,529.624084
49,Arizona,229447.89,0.0,62.0,Personal Auto,Four-Door Car,313.023175
50,Oregon,3670742.64,24804.0,104.0,Personal Auto,SUV,593.830288
51,California,3347334.95,33190.0,106.0,Corporate Auto,SUV,508.8
52,Nevada,798343.17,36014.0,69.0,Special Auto,Four-Door Car,173.956072
53,Washington,487938.48,67163.0,61.0,Personal Auto,Two-Door Car,33.192803
54,California,429399.73,16701.0,113.0,Personal Auto,Four-Door Car,831.625979
55,Arizona,716439.55,46623.0,91.0,Corporate Auto,Four-Door Car,436.8
56,California,761951.58,64749.0,64.0,Special Auto,Four-Door Car,302.56519
57,Arizona,395800.28,0.0,101.0,Personal Auto,SUV,484.8
58,Oregon,449949.33,16969.0,124.0,Personal Auto,SUV,704.768111
59,Oregon,405956.74,11621.0,108.0,Personal Auto,Four-Door Car,518.4
60,Arizona,445811.34,17622.0,65.0,Personal Auto,Four-Door Car,312.0
61,California,811033.31,11489.0,105.0,Personal Auto,Two-Door Car,504.0
62,Oregon,333976.49,0.0,94.0,Personal Auto,Two-Door Car,863.327324
63,California,2426101.78,66525.0,100.0,Personal Auto,SUV,104.331355
64,Arizona,661397.37,0.0,63.0,Personal Auto,Four-Door Car,676.391482
65,WA,293069.35,33663.0,73.0,Personal Auto,Four-Door Car,350.4
66,Oregon,867219.43,22547.0,112.0,Corporate Auto,SUV,537.6
67,AZ,1163866.93,61486.0,97.0,Personal Auto,Two-Door Car,465.258644
68,Oregon,684615.03,0.0,95.0,Personal Auto,Two-Door Car,456.0
69,California,1172777.65,29879.0,102.0,Personal Auto,Four-Door Car,500.254235
70,Oregon,2264383.48,93011.0,113.0,Personal Auto,SUV,281.451042
71,Oregon,261447.43,65186.0,65.0,Personal Auto,Two-Door Car,5.434505
72,Oregon,245175.27,26840.0,64.0,Personal Auto,Four-Door Car,307.2
73,Oregon,678127.02,0.0,104.0,Personal Auto,Sports Car,982.399613
74,Oregon,497480.15,75644.0,65.0,Personal Auto,Two-Door Car,467.803638
75,Oregon,859160.49,38984.0,73.0,Personal Auto,Four-Door Car,350.4
76,Oregon,559216.14,71811.0,71.0,Personal Auto,Four-Door Car,29.03416
77,Nevada,800947.28,20961.0,67.0,Personal Auto,Four-Door Car,321.6
78,Washington,793690.2593445693,41275.0,96.0,Personal Auto,Four-Door Car,41.122303
79,California,5816655.35,61321.0,186.0,Personal Auto,Luxury Car,427.63121
80,California,802522.94,0.0,77.0,Personal Auto,Two-Door Car,25.807685
81,California,578018.22,51066.0,74.0,Personal Auto,Four-Door Car,787.993313
82,California,411853.91,34378.0,102.0,Personal Auto,SUV,489.6
83,Nevada,252307.02,43072.0,63.0,Personal Auto,Four-Door Car,302.4
84,Oregon,655421.64,25222.0,90.0,Personal Auto,Four-Door Car,475.623251
85,Washington,538275.2,77552.0,68.0,Corporate Auto,Four-Door Car,45.215059
86,California,592672.94,23091.0,96.0,Personal Auto,Four-Door Car,460.8
87,California,268347.07,48269.0,69.0,Corporate Auto,Four-Door Car,282.151207
88,Oregon,269518.24,32720.0,67.0,Personal Auto,Four-Door Car,321.6
89,California,604702.52,20396.0,76.0,Personal Auto,Four-Door Car,364.8
90,Oregon,1317101.28,21513.0,119.0,Personal Auto,Two-Door Car,679.827592
91,Washington,1595001.95,0.0,87.0,Personal Auto,Two-Door Car,46.041452
92,Oregon,252765.38,80744.0,63.0,Corporate Auto,Four-Door Car,11.879037
93,Oregon,267209.58,52822.0,67.0,Corporate Auto,Two-Door Car,350.529033
94,California,531329.4,0.0,77.0,Personal Auto,Four-Door Car,863.3947
95,Oregon,2094619.25,69738.0,74.0,Personal Auto,Four-Door Car,492.127532
96,AZ,837535.39,17780.0,109.0,Personal Auto,SUV,132.588288
97,California,480166.15,18107.0,62.0,Personal Auto,Four-Door Car,297.6
98,AZ,574594.33,57740.0,74.0,Personal Auto,Four-Door Car,269.905129
99,Oregon,606611.6,32627.0,76.0,Personal Auto,Two-Door Car,380.036697
100,California,800230.83,0.0,107.0,Personal Auto,SUV,513.6
101,California,239391.54,0.0,70.0,Personal Auto,Four-Door Car,425.266308
102,Oregon,476281.79,65795.0,62.0,Corporate Auto,Two-Door Car,49.011099
103,California,433038.6,60475.0,107.0,Personal Auto,Four-Door Car,513.6
104,California,940272.98,0.0,130.0,Personal Auto,SUV,936.0
105,Oregon,696669.45,41837.0,88.0,Personal Auto,Four-Door Car,142.062768
106,California,769406.43,32303.0,65.0,Personal Auto,Four-Door Car,45.152521
107,Oregon,871756.11,0.0,117.0,Personal Auto,SUV,561.6
108,California,592874.85,40531.0,74.0,Personal Auto,Two-Door Car,30.567357
109,Oregon,245297.73,79898.0,62.0,Corporate Auto,Four-Door Car,271.606799
110,California,670157.17,56398.0,85.0,Personal Auto,Four-Door Car,408.0
111,Washington,499655.27,71600.0,63.0,Personal Auto,Two-Door Car,46.158117
112,AZ,849269.88,27804.0,109.0,Personal Auto,SUV,784.8
113,Oregon,771349.4,45506.0,66.0,Personal Auto,Four-Door Car,316.8
114,Washington,518579.76,99428.0,6464.0,Personal Auto,Four-Door Car,48.046869
115,California,729006.98,0.0,102.0,Corporate Auto,SUV,489.6
116,Oregon,477294.38,20993.0,133.0,Personal Auto,SUV,638.4
117,AZ,680649.14,37839.0,86.0,Personal Auto,Two-Door Car,465.633954
118,California,246978.13,92711.0,62.0,Personal Auto,Two-Door Car,368.400146
119,California,310392.3,74665.0,78.0,Corporate Auto,Four-Door Car,236.902001
120,Washington,1048491.54,61108.0,89.0,Personal Auto,Four-Door Car,49.451117
121,California,890273.76,46833.0,112.0,Personal Auto,Sports Car,64.109663
122,Oregon,549944.72,88768.0,68.0,Personal Auto,Two-Door Car,326.4
123,California,1502359.86,28262.0,192.0,Personal Auto,Luxury SUV,921.6
124,Nevada,250910.79,33555.0,63.0,Personal Auto,Four-Door Car,101.89645
125,Oregon,3122174.81,42780.0,113.0,Personal Auto,Four-Door Car,542.4
126,Oregon,313350.34,58850.0,78.0,Personal Auto,Four-Door Car,143.747794
127,AZ,383745.19,21880.0,97.0,Special Auto,Four-Door Car,424.077159
128,Oregon,1179049.62,25251.0,66.0,Personal Auto,Four-Door Car,316.8
129,Washington,282986.39,25317.0,71.0,Personal Auto,Two-Door Car,50.422181
130,AZ,430580.83,24188.0,109.0,Personal Auto,Sports Car,523.2
131,Nevada,597397.69,41611.0,74.0,Special Auto,Four-Door Car,113.801497
132,Oregon,567044.24,28406.0,72.0,Personal Auto,Four-Door Car,192.87572
133,AZ,473174.93,69833.0,118.0,Personal Auto,Four-Door Car,828.662719
134,AZ,802637.96,0.0,74.0,Corporate Auto,Four-Door Car,532.8
135,AZ,402296.35,0.0,117.0,Personal Auto,SUV,975.107098
136,Oregon,961831.09,80536.0,119.0,Special Auto,Sports Car,53.798708
137,Washington,725595.38,88891.0,89.0,Personal Auto,Four-Door Car,50.528355
138,Oregon,955292.69,97732.0,79.0,Personal Auto,Four-Door Car,289.9122
139,AZ,1038855.32,61222.0,89.0,Special Auto,Four-Door Car,392.604371
140,Oregon,247012.12,0.0,74.0,Personal Auto,Two-Door Car,721.242206
141,AZ,561906.85,50335.0,140.0,Personal Auto,SUV,456.52385
142,California,904711.92,0.0,127.0,Personal Auto,Sports Car,1087.995426
143,Washington,268731.41,82210.0,68.0,Personal Auto,Four-Door Car,51.961915
144,Oregon,373150.46,0.0,96.0,Personal Auto,Four-Door Car,460.8
145,Nevada,366077.03,64495.0,92.0,Corporate Auto,Four-Door Car,251.992083
146,California,792882.93,0.0,72.0,Corporate Auto,Four-Door Car,345.6
147,Arizona,501175.16,28859.0,67.0,Corporate Auto,Two-Door Car,321.6
148,Arizona,798825.83,77330.0,99.0,Personal Auto,Four-Door Car,99.257608
149,Oregon,388545.64,0.0,105.0,Corporate Auto,Four-Door Car,504.0
150,Washington,935773.78,33060.0,117.0,Personal Auto,Four-Door Car,56.731578
151,Washington,254068.98,42557.0,65.0,Personal Auto,Four-Door Car,57.562324
152,Arizona,488516.25,26372.0,126.0,Personal Auto,SUV,604.8
153,Arizona,975330.71,17514.0,127.0,Personal Auto,SUV,8.312729
154,California,294615.37,89270.0,74.0,Personal Auto,Four-Door Car,316.599228
155,California,258111.09,29757.0,65.0,Personal Auto,Four-Door Car,312.0
156,Oregon,351738.58,51814.0,92.0,Personal Auto,Four-Door Car,56.300724
157,Oregon,974335.01,24028.0,82.0,Personal Auto,Four-Door Car,393.6
158,Arizona,387364.7,28142.0,105.0,Personal Auto,Sports Car,701.708239
159,Arizona,764928.2,52705.0,64.0,Personal Auto,Two-Door Car,128.705563
160,California,228759.69,0.0,63.0,Corporate Auto,Two-Door Car,679.368378
161,Washington,825576.39,54040.0,103.0,Personal Auto,SUV,59.987126
162,California,871492.21,0.0,118.0,Personal Auto,SUV,566.4
163,Washington,681923.12,22492.0,85.0,Personal Auto,Two-Door Car,61.654262
164,California,741619.73,0.0,77.0,Personal Auto,Four-Door Car,554.4
165,Oregon,777115.9,21876.0,68.0,Personal Auto,Four-Door Car,465.41477
166,California,696834.19,0.0,69.0,Personal Auto,Four-Door Car,496.8
167,California,425028.26,0.0,61.0,Personal Auto,Four-Door Car,292.8
168,Oregon,1977656.65,70699.0,82.0,Personal Auto,Four-Door Car,256.813837
169,California,2134346.6,0.0,74.0,Personal Auto,Four-Door Car,355.2
170,California,241313.97,27501.0,63.0,Personal Auto,Four-Door Car,542.319401
171,Oregon,1536384.72,15897.0,101.0,Personal Auto,Four-Door Car,303.148399
172,Nevada,845696.19,25141.0,73.0,Personal Auto,Four-Door Car,25.438063
173,Nevada,218964.25,0.0,61.0,Personal Auto,Four-Door Car,292.8
175,California,463998.16,28358.0,117.0,Personal Auto,Sports Car,84.024413
176,Washington,382443.13,62530.0,95.0,Personal Auto,Four-Door Car,61.693771
177,Arizona,596811.89,90972.0,74.0,Personal Auto,Two-Door Car,232.926145
178,Washington,859033.5,63110.0,72.0,Personal Auto,Four-Door Car,68.179721
179,California,407663.47,29549.0,104.0,Personal Auto,Sports Car,710.433775
180,California,1225260.18,0.0,115.0,Personal Auto,Four-Door Car,552.0
181,Nevada,1693627.15,39411.0,217.0,Personal Auto,Luxury Car,1122.658899
182,Oregon,489243.55,21709.0,62.0,Personal Auto,Four-Door Car,408.374746
183,Nevada,994230.48,67890.0,85.0,Personal Auto,Four-Door Car,408.0
184,California,373583.81,0.0,110.0,Personal Auto,SUV,792.0
185,California,1311752.22,84311.0,111.0,Personal Auto,SUV,532.8
186,California,457452.41,99316.0,114.0,Corporate Auto,SUV,754.358929
187,Arizona,547006.06,54507.0,138.0,Personal Auto,SUV,702.990032
188,California,297884.6,64586.0,76.0,Personal Auto,Four-Door Car,206.837111
189,Oregon,641096.75,61709.0,82.0,Personal Auto,Four-Door Car,275.395894
190,California,447902.31,94656.0,111.0,Special Auto,SUV,459.738128
191,California,238373.19,0.0,69.0,Special Auto,Two-Door Car,496.8
192,California,276449.37,61085.0,70.0,Personal Auto,Two-Door Car,336.0
193,Oregon,792010.54,89284.0,67.0,Personal Auto,Two-Door Car,321.6
194,Arizona,688909.8,0.0,63.0,Personal Auto,Four-Door Car,302.4
195,WA,327419.46,31686.0,81.0,Personal Auto,Four-Door Car,430.994107
196,Oregon,995170.77,56855.0,255.0,Corporate Auto,Luxury SUV,1836.0
197,Oregon,252155.57,53703.0,67.0,Special Auto,Four-Door Car,67.632476
198,WA,2370611.34,0.0,96.0,Personal Auto,Two-Door Car,844.481918
200,California,1114030.25,27679.0,150.0,Personal Auto,SUV,722.486994
201,Nevada,433406.41,23904.0,123.0,Personal Auto,SUV,590.4
202,Arizona,279974.79,65351.0,69.0,Corporate Auto,Four-Door Car,481.027516
203,California,792313.66,0.0,113.0,Personal Auto,SUV,1124.427734
204,California,368811.09,0.0,63.0,Personal Auto,Four-Door Car,669.682001
205,California,1206745.6,0.0,116.0,Personal Auto,SUV,1284.093173
206,California,292497.67,64459.0,72.0,Personal Auto,Four-Door Car,240.259479
207,California,1501409.27,32961.0,190.0,Corporate Auto,SUV,912.0
208,Oregon,927723.38,71416.0,116.0,Corporate Auto,SUV,556.8
209,WA,627412.39,68964.0,78.0,Personal Auto,Four-Door Car,115.086827
210,Cali,388664.74,78108.0,98.0,Personal Auto,Two-Door Car,470.4
211,Cali,438627.76,10621.0,67.0,Special Auto,Four-Door Car,321.6
212,WA,1136526.77,84910.0,95.0,Corporate Auto,Two-Door Car,383.167471
213,Cali,561096.43,77493.0,70.0,Special Auto,Four-Door Car,307.963291
214,Arizona,291289.2,81097.0,74.0,Personal Auto,Four-Door Car,355.2
215,Oregon,691572.99,96610.0,85.0,Corporate Auto,Four-Door Car,520.364752
216,Oregon,626266.33,30110.0,159.0,Corporate Auto,Sports Car,466.436375
217,Oregon,650339.7,22081.0,84.0,Special Auto,Two-Door Car,451.670309
218,WA,800739.94,0.0,112.0,Personal Auto,Sports Car,537.6
219,Cali,292991.65,98473.0,72.0,Personal Auto,Four-Door Car,345.6
220,Oregon,596955.3,97431.0,74.0,Personal Auto,Four-Door Car,355.2
221,Cali,547315.99,93870.0,69.0,Personal Auto,Four-Door Car,331.2
222,Nevada,564539.67,50366.0,72.0,Personal Auto,Four-Door Car,428.734656
223,WA,636926.24,34498.0,83.0,Personal Auto,Two-Door Car,398.4
224,Oregon,1183376.73,16552.0,103.0,Personal Auto,SUV,494.4
225,Oregon,612110.79,26787.0,77.0,Personal Auto,Four-Door Car,369.6
226,Nevada,515936.97,0.0,74.0,Personal Auto,Two-Door Car,831.752839
227,Nevada,251459.2,43860.0,65.0,Corporate Auto,Four-Door Car,156.124914
228,Arizona,866861.13,21474.0,114.0,Corporate Auto,SUV,373.428187
229,Cali,496096.54,18174.0,66.0,Corporate Auto,Four-Door Car,395.934815
230,Arizona,550413.9,0.0,73.0,Corporate Auto,Four-Door Car,350.4
231,Arizona,750745.54,60920.0,64.0,Personal Auto,Two-Door Car,231.201886
232,Arizona,3226985.14,41520.0,90.0,Personal Auto,Four-Door Car,289.904105
233,Oregon,565703.16,0.0,152.0,Personal Auto,SUV,729.6
234,Arizona,506175.79,0.0,68.0,Personal Auto,Two-Door Car,326.4
235,Cali,591278.38,72208.0,73.0,Personal Auto,Two-Door Car,350.4
236,Cali,1518227.98,53863.0,63.0,Personal Auto,Four-Door Car,105.765111
237,WA,1074703.09,66446.0,136.0,Corporate Auto,SUV,639.464548
238,WA,205062.35,0.0,61.0,Personal Auto,Four-Door Car,292.8
239,WA,246544.49,64997.0,63.0,Personal Auto,Four-Door Car,383.442328
240,Nevada,534312.13,64460.0,66.0,Corporate Auto,Two-Door Car,316.8
241,Arizona,811982.91,46618.0,67.0,Personal Auto,Four-Door Car,99.085943
242,Oregon,460526.52,0.0,64.0,Corporate Auto,Four-Door Car,307.2
243,Cali,640878.56,49988.0,84.0,Personal Auto,Two-Door Car,566.935022
244,Cali,237653.35,0.0,91.0,Personal Auto,Two-Door Car,436.8
245,Cali,321107.0,16269.0,86.0,Corporate Auto,Two-Door Car,412.8
246,Arizona,509452.23,72006.0,64.0,Personal Auto,Four-Door Car,307.2
247,Arizona,2575527.82,0.0,81.0,Personal Auto,Four-Door Car,388.8
248,Oregon,867222.97,0.0,245.0,Corporate Auto,Luxury SUV,2345.413441
249,Cali,804473.07,44320.0,67.0,Personal Auto,Four-Door Car,321.6
250,Arizona,400151.91,19782.0,108.0,Personal Auto,Two-Door Car,773.470977
251,Nevada,1670611.7,63933.0,70.0,Personal Auto,Two-Door Car,424.883448
252,Arizona,854441.11,28224.0,109.0,Personal Auto,SUV,523.2
253,WA,780531.29,21073.0,106.0,Personal Auto,SUV,508.8
254,Oregon,611275.69,63243.0,77.0,Personal Auto,Four-Door Car,364.240307
255,Nevada,477294.38,20993.0,133.0,Personal Auto,SUV,638.4
256,Oregon,1097909.56,94827.0,135.0,Personal Auto,SUV,354.729129
257,Cali,500426.38,39161.0,63.0,Personal Auto,Two-Door Car,283.995953
258,WA,1322304.38,37534.0,84.0,Personal Auto,Four-Door Car,403.2
259,Oregon,262331.54,80210.0,65.0,Corporate Auto,Four-Door Car,20.543176
260,Cali,1784019.56,0.0,62.0,Personal Auto,Four-Door Car,385.115437
261,Cali,510611.18,30110.0,64.0,Personal Auto,Four-Door Car,140.165035
262,Arizona,1793060.45,21708.0,68.0,Personal Auto,Four-Door Car,326.4
263,Arizona,545734.26,94731.0,67.0,Personal Auto,Four-Door Car,321.6
264,Cali,656364.41,32375.0,83.0,Personal Auto,Four-Door Car,398.4
265,Oregon,481252.52,16531.0,63.0,Corporate Auto,Four-Door Car,102.879769
266,Arizona,2932804.19,32006.0,94.0,Corporate Auto,Four-Door Car,56.868289
267,Arizona,577352.07,81676.0,72.0,Personal Auto,Two-Door Car,463.158502
268,Cali,684711.89,71038.0,86.0,Corporate Auto,Four-Door Car,205.444066
269,Arizona,359531.29,0.0,103.0,Corporate Auto,Sports Car,741.6
270,Nevada,2285561.21,20832.0,65.0,Personal Auto,Two-Door Car,56.371967
271,WA,785941.46,0.0,113.0,Personal Auto,SUV,813.6
272,Oregon,411557.74,52405.0,103.0,Personal Auto,Four-Door Car,494.4
273,Arizona,502963.88,0.0,133.0,Personal Auto,Sports Car,795.864079
274,WA,482141.85,26583.0,1005.0,Personal Auto,SUV,614.4
275,Oregon,500431.05,25486.0,65.0,Special Auto,Two-Door Car,72.438681
276,Arizona,863005.39,24065.0,111.0,Corporate Auto,Four-Door Car,532.8
277,Arizona,932208.51,70435.0,116.0,Personal Auto,Four-Door Car,67.881546
278,Cali,1672756.06,0.0,76.0,Personal Auto,Two-Door Car,402.636829
279,Oregon,365253.24,39679.0,92.0,Personal Auto,Two-Door Car,641.388616
280,Nevada,615860.12,0.0,89.0,Personal Auto,Four-Door Car,342.481173
281,Cali,437608.4,0.0,69.0,Personal Auto,Two-Door Car,331.2
282,Nevada,556945.62,53565.0,71.0,Personal Auto,Four-Door Car,340.8
283,WA,257651.3,37574.0,66.0,Personal Auto,Two-Door Car,412.101933
284,WA,834698.32,48259.0,108.0,Personal Auto,Two-Door Car,73.700573
285,Arizona,632392.39,78532.0,78.0,Personal Auto,Four-Door Car,374.4
286,Arizona,597314.34,96163.0,73.0,Corporate Auto,Four-Door Car,350.4
287,Cali,470667.7,0.0,72.0,Personal Auto,Four-Door Car,345.6
288,Cali,809341.03,0.0,114.0,Personal Auto,Sports Car,722.024742
289,WA,503574.46,72672.0,63.0,Personal Auto,Four-Door Car,259.361117
290,Oregon,902786.72,99002.0,112.0,Personal Auto,Four-Door Car,537.6
291,California,728888.48,79494.0,91.0,Personal Auto,Four-Door Car,396.295614
292,Oregon,1804247.94,35704.0,225.0,Personal Auto,Luxury Car,358.281562
293,Arizona,499206.3,0.0,71.0,Corporate Auto,Four-Door Car,653.388564
294,Oregon,910226.78,26049.0,118.0,Personal Auto,Two-Door Car,121.032372
295,Arizona,254040.77,70125.0,64.0,Special Auto,Four-Door Car,92.813396
296,California,1294189.19,52369.0,110.0,Personal Auto,SUV,528.0
297,WA,236534.86,0.0,66.0,Special Auto,Four-Door Car,159.636956
298,Arizona,572076.51,41770.0,72.0,Personal Auto,Four-Door Car,476.156957
299,Oregon,703553.41,0.0,101.0,Corporate Auto,Four-Door Car,727.2
300,California,263697.77,31911.0,67.0,Personal Auto,Four-Door Car,321.6
301,Nevada,539583.2,70051.0,68.0,Corporate Auto,Four-Door Car,42.078345
302,Oregon,838263.01,19683.0,117.0,Personal Auto,Sports Car,561.6
303,WA,3116174.52,30916.0,112.0,Personal Auto,SUV,200.11606
304,Oregon,288774.23,0.0,80.0,Personal Auto,Four-Door Car,676.944023
305,Washington,742584.53,84302.0,62.0,Personal Auto,Four-Door Car,76.609295
306,California,2558572.78,0.0,116.0,Corporate Auto,SUV,830.623064
307,Oregon,1027260.82,60145.0,132.0,Personal Auto,SUV,580.473259
308,Oregon,437636.36,63774.0,111.0,Personal Auto,Four-Door Car,60.036683
309,California,531889.66,25134.0,67.0,Corporate Auto,Four-Door Car,321.6
310,Oregon,471976.22,37057.0,61.0,Personal Auto,Four-Door Car,47.53101
311,Oregon,442803.16,58577.0,110.0,Personal Auto,SUV,303.872752
312,California,587917.61,85857.0,73.0,Corporate Auto,Four-Door Car,100.620067
313,Oregon,941690.85,70602.0,116.0,Personal Auto,SUV,481.339891
314,Oregon,828815.56,33816.0,106.0,Corporate Auto,Four-Door Car,508.8
315,Oregon,3265483.83,0.0,153.0,Personal Auto,SUV,1101.6
316,Oregon,471945.01,89642.0,121.0,Corporate Auto,SUV,86.320022
317,California,390347.48,60068.0,98.0,Personal Auto,Two-Door Car,470.4
318,California,545725.97,50044.0,139.0,Personal Auto,SUV,667.2
319,California,272535.64,36650.0,69.0,Personal Auto,Four-Door Car,56.60333
320,Arizona,443397.37,50653.0,110.0,Corporate Auto,SUV,262.865172
321,Arizona,533246.27,68931.0,66.0,Personal Auto,Four-Door Car,309.577946
322,Oregon,231509.5,0.0,73.0,Corporate Auto,Four-Door Car,350.4
323,California,541195.37,0.0,73.0,Personal Auto,Four-Door Car,365.364581
324,California,958733.23,39266.0,80.0,Personal Auto,Four-Door Car,384.0
325,California,2210350.72,0.0,102.0,Personal Auto,SUV,489.6
326,Nevada,976494.53,0.0,98.0,Personal Auto,Four-Door Car,705.6
327,Nevada,256715.15,40864.0,65.0,Corporate Auto,Four-Door Car,9.51528
328,Oregon,265062.28,39035.0,68.0,Personal Auto,Four-Door Car,244.564334
329,California,1126436.33,34923.0,98.0,Personal Auto,Two-Door Car,639.105556
330,California,216852.35,0.0,63.0,Personal Auto,Four-Door Car,453.6
331,California,861066.75,0.0,111.0,Corporate Auto,SUV,532.8
332,California,283464.62,24506.0,71.0,Personal Auto,Two-Door Car,511.2
333,Oregon,893013.97,0.0,82.0,Personal Auto,Four-Door Car,554.522969
334,Arizona,553638.7,52220.0,70.0,Personal Auto,Four-Door Car,336.0
335,Arizona,284085.43,0.0,74.0,Personal Auto,Two-Door Car,402.449823
336,California,808288.1,53554.0,67.0,Personal Auto,Four-Door Car,327.020539
337,California,525473.43,34476.0,67.0,Corporate Auto,Four-Door Car,5.3953
338,Arizona,511623.76,0.0,70.0,Personal Auto,Four-Door Car,131.401291
339,California,303464.7,68205.0,76.0,Personal Auto,Two-Door Car,99.382943
340,California,802489.99,0.0,119.0,Personal Auto,SUV,856.8
341,California,1821114.32,53690.0,154.0,Personal Auto,SUV,739.2
342,Oregon,512156.33,0.0,72.0,Personal Auto,Four-Door Car,518.4
343,California,215017.86,0.0,61.0,Personal Auto,Four-Door Car,292.8
344,California,559538.99,74454.0,71.0,Personal Auto,Four-Door Car,340.8
345,Nevada,756282.4,0.0,73.0,Personal Auto,Four-Door Car,350.4
346,Oregon,538585.32,29664.0,71.0,Personal Auto,Four-Door Car,340.8
347,Washington,267805.83,72450.0,66.0,Corporate Auto,Four-Door Car,84.218363
348,Nevada,942256.79,47272.0,79.0,Personal Auto,Four-Door Car,64.546877
349,Oregon,360586.03,21585.0,92.0,Corporate Auto,Four-Door Car,441.6
350,California,776259.06,23827.0,106.0,Personal Auto,Four-Door Car,37.910623
351,Arizona,2344490.05,69906.0,74.0,Corporate Auto,Four-Door Car,202.860399
352,California,255817.82,0.0,72.0,Corporate Auto,Four-Door Car,345.6
353,Washington,265438.1,73196.0,66.0,Personal Auto,Four-Door Car,85.809817
354,Washington,254978.61,72217.0,6464.0,Personal Auto,Four-Door Car,91.146661
355,California,296959.33,46131.0,74.0,Personal Auto,Two-Door Car,355.2
356,Oregon,436312.46,54514.0,109.0,Personal Auto,SUV,286.234931
357,California,588430.86,0.0,161.0,Personal Auto,SUV,1159.2
358,Nevada,527219.16,96668.0,66.0,Personal Auto,Four-Door Car,316.8
359,California,550989.57,78879.0,69.0,Personal Auto,Four-Door Car,466.570791
360,Nevada,1631368.35,0.0,69.0,Personal Auto,Four-Door Car,331.2
361,Arizona,567805.02,0.0,76.0,Personal Auto,Four-Door Car,364.8
362,California,1210120.88,0.0,112.0,Personal Auto,Sports Car,1252.406235
363,Oregon,245357.08,29735.0,69.0,Personal Auto,Four-Door Car,331.2
364,California,507566.27,23082.0,65.0,Special Auto,Four-Door Car,312.0
365,Arizona,321497.94,53984.0,80.0,Corporate Auto,Four-Door Car,421.484456
366,California,1227534.31,52135.0,156.0,Personal Auto,SUV,430.505942
367,California,272221.07,17576.0,71.0,Corporate Auto,Four-Door Car,398.502948
368,Oregon,245744.09,29486.0,62.0,Personal Auto,Four-Door Car,7.646763
369,Oregon,355484.53,58557.0,88.0,Corporate Auto,Four-Door Car,55.510526
370,California,492954.97,25632.0,63.0,Personal Auto,Two-Door Car,351.270869
371,California,803645.03,0.0,112.0,Personal Auto,Sports Car,806.4
372,Arizona,427691.53,18768.0,68.0,Corporate Auto,Four-Door Car,647.454583
373,California,3347334.95,33190.0,106.0,Personal Auto,SUV,508.8
374,Oregon,596058.14,47945.0,74.0,Personal Auto,Two-Door Car,128.43823
375,Arizona,4479546.94,58778.0,126.0,Special Auto,SUV,302.033971
376,California,383211.81,15192.0,100.0,Personal Auto,SUV,480.0
377,California,683793.26,51859.0,171.0,Personal Auto,SUV,1003.160633
378,Nevada,528526.82,23422.0,72.0,Personal Auto,Two-Door Car,518.4
379,California,309651.12,21604.0,79.0,Corporate Auto,Four-Door Car,379.2
380,Arizona,358971.07,79298.0,90.0,Personal Auto,Four-Door Car,244.362072
381,Arizona,258240.85,76731.0,64.0,Special Auto,Four-Door Car,201.455005
382,Washington,340391.94,38460.0,88.0,Personal Auto,Four-Door Car,91.55098
383,Arizona,1357567.6,48534.0,115.0,Personal Auto,SUV,552.0
384,Washington,343613.43,30817.0,88.0,Corporate Auto,Four-Door Car,91.834668
385,Oregon,2868582.79,48412.0,104.0,Personal Auto,SUV,707.430832
386,Washington,450267.97,68798.0,114.0,Personal Auto,SUV,92.915251
387,Oregon,618311.15,23712.0,85.0,Personal Auto,Four-Door Car,376.126419
388,California,387364.7,28142.0,105.0,Personal Auto,Sports Car,701.708239
389,California,1892933.06,72196.0,68.0,Personal Auto,Four-Door Car,152.184244
390,California,555329.58,68197.0,69.0,Personal Auto,Four-Door Car,176.819414
391,California,501125.92,75248.0,63.0,Corporate Auto,Four-Door Car,104.454624
392,California,1044244.63,0.0,98.0,Personal Auto,Four-Door Car,941.718054
393,Nevada,219961.78,0.0,65.0,Personal Auto,Two-Door Car,468.0
394,Washington,512317.09,89879.0,63.0,Personal Auto,Two-Door Car,94.030308
395,Oregon,748431.05,46998.0,96.0,Corporate Auto,Four-Door Car,460.8
396,Oregon,261302.31,57099.0,67.0,Personal Auto,Two-Door Car,67.859881
397,Arizona,908063.97,33897.0,114.0,Corporate Auto,SUV,539.843003
398,Nevada,1377097.62,59207.0,116.0,Personal Auto,Four-Door Car,556.8
399,Oregon,287682.29,40171.0,73.0,Personal Auto,Four-Door Car,350.4
400,Washington,540891.15,80192.0,67.0,Personal Auto,Four-Door Car,95.193157
401,Washington,677030.68,74422.0,85.0,Personal Auto,Four-Door Car,95.338505
402,Oregon,2414387.56,0.0,87.0,Special Auto,Four-Door Car,626.4
403,Arizona,353805.95,0.0,67.0,Personal Auto,Four-Door Car,321.6
404,Nevada,2909123.94,34226.0,244.0,Personal Auto,Luxury SUV,494.395024
405,California,1983420.12,65989.0,123.0,Personal Auto,SUV,115.545086
406,Oregon,473136.7,30686.0,61.0,Corporate Auto,Four-Door Car,19.938981
407,California,3553784.6,0.0,113.0,Personal Auto,Sports Car,799.926741
408,Arizona,3461137.9,20090.0,109.0,Personal Auto,Sports Car,523.2
409,California,2021630.88,0.0,183.0,Personal Auto,Luxury SUV,878.4
410,Oregon,1397651.93,77094.0,176.0,Personal Auto,SUV,444.470676
411,California,590408.82,97413.0,73.0,Personal Auto,Four-Door Car,268.819985
412,Oregon,559583.5,79189.0,69.0,Corporate Auto,Four-Door Car,331.2
413,California,229430.36,0.0,62.0,Personal Auto,Two-Door Car,297.6
414,Arizona,627391.19,18577.0,86.0,Personal Auto,Four-Door Car,412.8
415,Oregon,372672.8,0.0,112.0,Special Auto,Sports Car,806.4
416,Washington,265671.31,62777.0,67.0,Personal Auto,Two-Door Car,101.288069
417,Oregon,511068.08,0.0,74.0,Corporate Auto,Four-Door Car,532.8
418,Nevada,712659.65,17483.0,183.0,Personal Auto,Luxury Car,1317.6
419,Oregon,460163.41,84394.0,114.0,Personal Auto,SUV,691.412378
420,Oregon,915523.97,0.0,127.0,Personal Auto,Sports Car,804.811859
421,Oregon,1480805.62,41440.0,62.0,Personal Auto,Four-Door Car,297.6
422,Arizona,890167.84,0.0,136.0,Personal Auto,Sports Car,1090.86434
423,Oregon,573459.82,98132.0,71.0,Personal Auto,Two-Door Car,50.587035
424,Oregon,417769.7,0.0,112.0,Personal Auto,Four-Door Car,537.6
425,California,2777628.91,88220.0,230.0,Personal Auto,Luxury Car,151.528482
426,Arizona,1036434.75,58327.0,129.0,Personal Auto,SUV,347.075948
427,Oregon,785190.14,25950.0,66.0,Personal Auto,Two-Door Car,271.697529
428,Oregon,477294.38,20993.0,133.0,Corporate Auto,SUV,638.4
429,Oregon,1422650.49,65726.0,177.0,Corporate Auto,SUV,849.6
430,Washington,287543.24,84768.0,72.0,Personal Auto,Two-Door Car,110.484661
431,Washington,504129.96,36234.0,63.0,Personal Auto,Four-Door Car,113.534474
432,California,436293.12,58842.0,110.0,Personal Auto,Four-Door Car,528.0
433,Oregon,962452.44,25629.0,124.0,Corporate Auto,Sports Car,595.2
434,Washington,2191440.55,77311.0,181.0,Personal Auto,SUV,113.609508
435,California,694842.22,0.0,196.0,Personal Auto,Luxury SUV,1337.063487
436,Washington,247152.84,95697.0,61.0,Personal Auto,Two-Door Car,114.273025
437,Oregon,2190391.36,22254.0,79.0,Personal Auto,Four-Door Car,125.194389
438,Nevada,902882.14,65974.0,113.0,Personal Auto,Sports Car,235.220971
439,Oregon,530375.95,0.0,76.0,Personal Auto,Four-Door Car,395.34111
440,Washington,2070825.88,92079.0,65.0,Corporate Auto,Four-Door Car,114.798771
441,Nevada,512376.81,0.0,74.0,Personal Auto,Two-Door Car,772.798511
442,Oregon,949234.3,0.0,132.0,Personal Auto,SUV,633.6
443,Oregon,820486.32,0.0,73.0,Personal Auto,Four-Door Car,350.4
444,Arizona,987729.57,67752.0,131.0,Personal Auto,Sports Car,168.517149
445,California,481500.97,25398.0,64.0,Corporate Auto,Four-Door Car,307.2
446,California,627701.17,0.0,88.0,Personal Auto,Four-Door Car,633.6
447,California,826063.98,33321.0,105.0,Special Auto,SUV,504.0
448,Nevada,254945.0,0.0,78.0,Corporate Auto,Four-Door Car,845.654042
449,Washington,1131808.98,38923.0,99.0,Personal Auto,Four-Door Car,115.728852
450,Oregon,380392.18,20325.0,100.0,Personal Auto,Sports Car,668.29397
451,Oregon,863540.35,13129.0,117.0,Personal Auto,SUV,700.901632
452,Oregon,551055.9,0.0,73.0,Personal Auto,Four-Door Car,525.6
453,Nevada,358588.41,49080.0,91.0,Corporate Auto,Four-Door Car,25.299
454,Nevada,488925.28,42536.0,63.0,Personal Auto,Four-Door Car,375.330097
455,Oregon,275694.17,29926.0,74.0,Corporate Auto,Four-Door Car,418.233667
456,Nevada,328954.74,0.0,86.0,Corporate Auto,Two-Door Car,398.240791
457,California,1093717.85,21450.0,138.0,Personal Auto,Sports Car,938.513425
458,California,737556.79,33345.0,65.0,Corporate Auto,Four-Door Car,338.619869
459,California,1011077.82,15752.0,90.0,Corporate Auto,Two-Door Car,339.344531
460,Oregon,511941.43,40169.0,65.0,Personal Auto,Four-Door Car,302.818833
461,California,853383.2,26049.0,113.0,Personal Auto,SUV,619.165344
462,Nevada,222476.8,0.0,68.0,Personal Auto,Four-Door Car,326.4
463,Arizona,804280.38,55411.0,100.0,Personal Auto,Sports Car,259.561195
464,Oregon,255443.71,12459.0,70.0,Personal Auto,Four-Door Car,336.0
465,Oregon,1807394.0,64620.0,76.0,Personal Auto,Two-Door Car,364.8
466,California,243050.66,83140.0,61.0,Corporate Auto,Four-Door Car,179.161843
467,Oregon,316765.84,0.0,92.0,Corporate Auto,Four-Door Car,662.4
468,Arizona,546560.4,54422.0,68.0,Corporate Auto,Four-Door Car,75.501852
469,California,1035751.42,68309.0,131.0,Corporate Auto,SUV,306.983596
470,California,253781.39,56621.0,65.0,Personal Auto,Four-Door Car,84.026848
471,Arizona,282194.72,38977.0,70.0,Special Auto,Four-Door Car,139.489926
472,AZ,775712.81,0.0,111.0,Corporate Auto,Two-Door Car,607.4459
473,AZ,407913.27,0.0,114.0,Corporate Auto,Two-Door Car,631.124372
474,AZ,595554.46,0.0,83.0,Personal Auto,Four-Door Car,628.023494
475,Oregon,1415861.36,83235.0,70.0,Personal Auto,Two-Door Car,336.0
476,Nevada,848723.8,0.0,74.0,Personal Auto,Two-Door Car,426.655599
477,AZ,628547.69,32390.0,80.0,Personal Auto,Four-Door Car,91.417923
478,Oregon,1147348.15,66538.0,95.0,Personal Auto,Two-Door Car,317.844812
479,Washington,494263.06,23285.0,65.0,Personal Auto,Two-Door Car,118.446235
480,Oregon,2359468.02,76358.0,66.0,Personal Auto,Four-Door Car,86.461582
481,Washington,257250.66,21104.0,66.0,Personal Auto,Four-Door Car,118.454974
482,AZ,538089.86,55350.0,67.0,Personal Auto,Four-Door Car,321.6
483,California,477055.09,12964.0,65.0,Personal Auto,Two-Door Car,362.774545
484,AZ,675665.14,33288.0,86.0,Personal Auto,Four-Door Car,221.856184
485,AZ,593601.18,0.0,84.0,Personal Auto,Four-Door Car,980.169081
486,AZ,357076.05,56168.0,88.0,Personal Auto,Four-Door Car,614.675906
487,California,601996.05,0.0,92.0,Personal Auto,Four-Door Car,662.4
488,Oregon,542686.4,23105.0,69.0,Personal Auto,Two-Door Car,331.2
489,Oregon,273031.38,36218.0,68.0,Personal Auto,Four-Door Car,145.252168
490,California,498268.14,52275.0,62.0,Corporate Auto,Four-Door Car,374.240783
491,Oregon,876926.68,49665.0,74.0,Personal Auto,Four-Door Car,355.2
492,Nevada,422061.35,32471.0,110.0,Personal Auto,Two-Door Car,528.0
493,AZ,1153750.51,0.0,86.0,Corporate Auto,Two-Door Car,619.2
494,California,588718.2,62773.0,73.0,Personal Auto,Four-Door Car,80.669257
495,California,470058.38,76694.0,117.0,Personal Auto,SUV,561.6
496,Oregon,1096395.72,55687.0,276.0,Personal Auto,Luxury SUV,1324.8
497,AZ,252317.12,0.0,70.0,Personal Auto,Four-Door Car,504.0
498,Nevada,375780.47,36633.0,96.0,Personal Auto,Four-Door Car,460.8
499,Oregon,1294173.35,77060.0,106.0,Personal Auto,SUV,468.566133
500,Nevada,376446.51,92600.0,94.0,Corporate Auto,Two-Door Car,842.43785
501,California,688955.7,0.0,66.0,Personal Auto,Four-Door Car,475.2
502,Nevada,362345.42,0.0,111.0,Corporate Auto,SUV,1171.93117
503,AZ,758211.38,64801.0,64.0,Personal Auto,Four-Door Car,268.471802
504,Oregon,827774.56,45257.0,103.0,Corporate Auto,Two-Door Car,494.4
505,California,257645.56,26854.0,66.0,Personal Auto,Four-Door Car,475.2
506,Oregon,820538.79,85840.0,102.0,Corporate Auto,SUV,138.722385
507,Oregon,1958246.89,26463.0,72.0,Corporate Auto,Four-Door Car,345.6
508,Nevada,648152.66,30689.0,81.0,Personal Auto,Four-Door Car,467.24802
509,Oregon,259931.09,29590.0,66.0,Corporate Auto,Two-Door Car,467.503236
510,Oregon,983033.76,25965.0,253.0,Personal Auto,Luxury SUV,1214.4
511,Oregon,1044265.14,17269.0,139.0,Personal Auto,SUV,667.2
512,Oregon,3605753.7,90330.0,137.0,Corporate Auto,Sports Car,192.085299
513,California,847003.68,0.0,113.0,Corporate Auto,SUV,619.973889
514,California,827878.65,0.0,110.0,Personal Auto,Four-Door Car,1002.782553
515,California,478893.26,0.0,67.0,Personal Auto,Two-Door Car,321.6
516,AZ,308799.99,18558.0,80.0,Special Auto,Four-Door Car,384.0
517,Arizona,444373.62,46384.0,113.0,Corporate Auto,Four-Door Car,251.774574
518,Oregon,798408.65,0.0,72.0,Personal Auto,Two-Door Car,866.208321
519,Oregon,718097.1,42303.0,180.0,Personal Auto,Luxury SUV,1210.920949
520,California,1565603.43,71731.0,130.0,Corporate Auto,SUV,599.648466
521,Oregon,578018.22,51066.0,74.0,Corporate Auto,Four-Door Car,787.993313
522,California,2071494.04,0.0,203.0,Corporate Auto,Luxury Car,2027.724442
523,Nevada,533735.24,0.0,86.0,Personal Auto,Four-Door Car,619.2
524,Arizona,505082.62,0.0,69.0,Personal Auto,Two-Door Car,72.852047
525,Arizona,511662.4,26173.0,68.0,Corporate Auto,Four-Door Car,449.819671
526,Oregon,726873.7,24445.0,63.0,Personal Auto,Two-Door Car,302.4
527,Oregon,261661.39,72302.0,66.0,Personal Auto,Two-Door Car,316.8
528,Oregon,373843.62,27208.0,102.0,Personal Auto,SUV,489.6
529,California,272535.64,36650.0,69.0,Special Auto,Four-Door Car,56.60333
530,Arizona,545386.12,30855.0,68.0,Corporate Auto,Four-Door Car,259.060862
531,Arizona,684615.03,0.0,95.0,Personal Auto,Two-Door Car,456.0
532,Oregon,617291.42,99960.0,76.0,Corporate Auto,Four-Door Car,364.8
533,Arizona,1034632.45,0.0,98.0,Personal Auto,Four-Door Car,470.4
534,Nevada,699700.86,55873.0,88.0,Personal Auto,Four-Door Car,299.356083
535,Arizona,419625.77,18052.0,111.0,Personal Auto,Four-Door Car,699.1679
536,Oregon,785810.98,28937.0,104.0,Personal Auto,SUV,117.959654
537,Oregon,606434.4,0.0,86.0,Personal Auto,Four-Door Car,545.240341
538,California,1749752.2,0.0,73.0,Personal Auto,Two-Door Car,350.4
539,Oregon,897064.73,12829.0,118.0,Personal Auto,SUV,328.231432
540,Oregon,592311.72,92163.0,73.0,Personal Auto,Two-Door Car,66.568642
541,Oregon,3585059.94,17588.0,192.0,Personal Auto,Luxury Car,1382.4
542,Washington,870984.53,41546.0,111.0,Corporate Auto,Four-Door Car,121.306839
543,Arizona,1330933.52,0.0,127.0,Personal Auto,SUV,609.6
544,California,452850.49,70340.0,113.0,Special Auto,Four-Door Car,542.4
545,Oregon,279190.65,0.0,74.0,Personal Auto,Four-Door Car,532.8
546,Washington,443441.12,34549.0,111.0,Personal Auto,Four-Door Car,125.933005
547,Arizona,799600.75,93459.0,99.0,Personal Auto,Four-Door Car,655.41333
548,Arizona,512973.9,86148.0,65.0,Personal Auto,Four-Door Car,312.0
549,California,569717.52,27048.0,72.0,Corporate Auto,Four-Door Car,345.6
550,Oregon,921713.06,73259.0,115.0,Personal Auto,SUV,673.34265
551,Oregon,1020892.76,35482.0,129.0,Corporate Auto,SUV,619.2
552,Oregon,417068.73,29462.0,107.0,Personal Auto,SUV,513.6
553,Oregon,450540.58,67801.0,115.0,Personal Auto,SUV,23.810491
554,California,310756.86,0.0,94.0,Personal Auto,Two-Door Car,451.2
555,Arizona,552866.5,16042.0,73.0,Personal Auto,Two-Door Car,350.4
556,California,504586.67,28056.0,64.0,Personal Auto,Four-Door Car,307.2
557,California,296272.25,16495.0,85.0,Corporate Auto,Four-Door Car,408.0
558,California,866595.64,41163.0,108.0,Corporate Auto,SUV,231.922173
559,Arizona,1141344.12,0.0,161.0,Personal Auto,Sports Car,772.8
560,California,1548843.2,33799.0,109.0,Corporate Auto,SUV,664.980242
561,Washington,886114.95,90125.0,110.0,Corporate Auto,SUV,128.645946
562,Oregon,593474.15,87747.0,147.0,Personal Auto,SUV,46.492039
563,Nevada,354323.21,35695.0,90.0,Personal Auto,Four-Door Car,432.0
564,California,349002.83,90985.0,87.0,Personal Auto,Four-Door Car,78.085149
565,California,368309.99,0.0,101.0,Corporate Auto,Sports Car,564.466556
566,California,598977.39,66839.0,154.0,Personal Auto,Sports Car,739.2
567,California,1250084.3,0.0,165.0,Personal Auto,SUV,792.0
568,Oregon,860915.82,79090.0,107.0,Corporate Auto,SUV,289.040734
569,Oregon,249745.51,24825.0,64.0,Personal Auto,Two-Door Car,155.938593
570,California,701917.72,26806.0,63.0,Personal Auto,Four-Door Car,302.4
571,Oregon,538792.63,56835.0,67.0,Personal Auto,Two-Door Car,326.549425
572,Oregon,616555.75,0.0,88.0,Special Auto,Two-Door Car,653.65668
573,California,273020.29,46135.0,69.0,Personal Auto,Four-Door Car,103.935601
574,Arizona,516211.69,0.0,73.0,Personal Auto,Four-Door Car,809.532341
575,Oregon,793706.48,22862.0,67.0,Personal Auto,Two-Door Car,321.6
576,Oregon,860815.72,21450.0,110.0,Personal Auto,Sports Car,528.0
577,Oregon,263254.58,95854.0,65.0,Personal Auto,Two-Door Car,312.0
578,Oregon,778500.42,44897.0,99.0,Personal Auto,Four-Door Car,580.72531
579,Washington,2163983.86,64455.0,108.0,Personal Auto,SUV,133.735395
580,Oregon,498082.5,53265.0,62.0,Personal Auto,Four-Door Car,238.005074
581,Arizona,745723.78,0.0,198.0,Personal Auto,Luxury Car,1577.674417
582,Washington,1064093.93,50450.0,90.0,Personal Auto,Two-Door Car,135.892444
583,California,686250.83,54780.0,88.0,Personal Auto,Four-Door Car,135.26125
584,Nevada,904898.34,0.0,119.0,Personal Auto,Sports Car,571.2
585,California,554803.19,67798.0,69.0,Personal Auto,Four-Door Car,331.2
586,Oregon,831268.16,21442.0,118.0,Personal Auto,SUV,566.4
587,California,238998.1,27615.0,62.0,Personal Auto,Four-Door Car,297.6
588,California,445811.34,17622.0,65.0,Personal Auto,Four-Door Car,312.0
589,Nevada,529574.17,50200.0,135.0,Personal Auto,Sports Car,637.063458
590,Arizona,383960.61,0.0,112.0,Personal Auto,SUV,537.6
591,California,373150.46,0.0,96.0,Personal Auto,Four-Door Car,460.8
592,California,277890.37,73570.0,70.0,Special Auto,Two-Door Car,75.936096
593,Oregon,401654.2,0.0,111.0,Personal Auto,SUV,799.2
594,Washington,493094.93,70412.0,61.0,Corporate Auto,Two-Door Car,136.291083
595,Nevada,249131.7,36631.0,62.0,Personal Auto,Four-Door Car,67.530904
596,Oregon,290887.59,35895.0,73.0,Personal Auto,Four-Door Car,312.921256
597,Arizona,428294.8,40864.0,109.0,Personal Auto,SUV,166.937747
598,Oregon,834162.37,0.0,118.0,Personal Auto,Four-Door Car,566.4
599,Arizona,509078.13,93018.0,63.0,Personal Auto,Four-Door Car,135.382194
600,Oregon,736618.83,70014.0,62.0,Corporate Auto,Four-Door Car,17.742954
601,Oregon,243687.51,48875.0,61.0,Personal Auto,Two-Door Car,1.838367
602,California,885268.87,67969.0,74.0,Personal Auto,Four-Door Car,197.776009
603,Oregon,2387547.68,0.0,108.0,Corporate Auto,SUV,612.102262
604,Oregon,560049.65,68665.0,69.0,Personal Auto,Two-Door Car,331.2
605,California,463654.65,26802.0,66.0,Corporate Auto,Two-Door Car,316.8
606,Nevada,757334.51,0.0,110.0,Corporate Auto,Four-Door Car,1193.036154
607,California,1469663.55,45345.0,125.0,Personal Auto,SUV,600.0
608,Washington,897214.03,89689.0,74.0,Personal Auto,Four-Door Car,136.829537
609,California,772484.01,32051.0,193.0,Personal Auto,SUV,926.4
610,Oregon,594667.07,81139.0,74.0,Special Auto,Four-Door Car,392.6364
611,Oregon,800054.51,63834.0,100.0,Personal Auto,Sports Car,215.226476
612,Arizona,645756.1,37548.0,81.0,Special Auto,Four-Door Car,160.598662
613,Arizona,728144.01,0.0,69.0,Personal Auto,Four-Door Car,371.803029
614,California,259243.78,72421.0,65.0,Personal Auto,Four-Door Car,312.0
615,Nevada,467842.34,83102.0,116.0,Corporate Auto,Four-Door Car,443.670399
616,Oregon,1386992.71,28432.0,118.0,Personal Auto,SUV,612.300581
617,Nevada,871777.78,83707.0,108.0,Corporate Auto,Four-Door Car,290.391526
618,California,523398.68,63259.0,65.0,Corporate Auto,Four-Door Car,316.795337
619,Nevada,476418.97,0.0,67.0,Personal Auto,Four-Door Car,405.527937
620,Oregon,247246.92,63860.0,62.0,Personal Auto,Four-Door Car,208.598246
621,Washington,281369.26,43836.0,73.0,Personal Auto,Four-Door Car,138.130879
622,California,550505.7,86132.0,68.0,Personal Auto,Two-Door Car,301.437365
623,Oregon,260620.85,28519.0,66.0,Personal Auto,Two-Door Car,456.473115
624,Arizona,1048194.38,39102.0,88.0,Personal Auto,Four-Door Car,152.338562
625,California,325676.64,0.0,89.0,Personal Auto,Four-Door Car,491.755368
626,California,3047578.05,97298.0,128.0,Personal Auto,Sports Car,48.517439
627,Nevada,636490.22,41986.0,84.0,Personal Auto,Two-Door Car,430.375049
628,Arizona,946850.93,0.0,88.0,Personal Auto,Two-Door Car,633.6
629,Oregon,563145.19,17291.0,73.0,Personal Auto,Four-Door Car,350.4
630,California,778099.93,0.0,74.0,Personal Auto,Four-Door Car,246.489123
631,California,981652.83,37256.0,62.0,Personal Auto,Four-Door Car,128.969729
632,Oregon,751913.36,96306.0,95.0,Corporate Auto,Four-Door Car,185.355353
633,California,1017971.7,14290.0,271.0,Personal Auto,Luxury SUV,1300.8
634,California,277283.92,37038.0,71.0,Corporate Auto,Four-Door Car,9.071305
635,Oregon,403750.18,90760.0,103.0,Special Auto,SUV,133.475315
636,Washington,419196.61,77048.0,103.0,Personal Auto,SUV,141.199465
637,Oregon,267686.79,54480.0,67.0,Personal Auto,Four-Door Car,321.6
638,California,252395.96,16244.0,68.0,Personal Auto,Two-Door Car,623.223617
639,California,698840.16,22436.0,89.0,Special Auto,Four-Door Car,427.2
640,Washington,874205.78,71592.0,72.0,Personal Auto,Four-Door Car,141.725051
641,Arizona,267331.96,28728.0,67.0,Personal Auto,Four-Door Car,321.6
642,Arizona,1215732.99,57449.0,103.0,Personal Auto,Four-Door Car,494.4
643,California,295776.4,83318.0,73.0,Personal Auto,Two-Door Car,211.336937
644,Washington,717390.94,75217.0,61.0,Personal Auto,Four-Door Car,147.080303
645,Nevada,309953.8,0.0,102.0,Corporate Auto,SUV,862.762957
646,Oregon,841568.46,55308.0,107.0,Corporate Auto,SUV,513.6
647,Oregon,2684312.45,36068.0,97.0,Personal Auto,Two-Door Car,113.367765
648,Oregon,1305717.07,48804.0,112.0,Corporate Auto,Four-Door Car,537.6
649,Oregon,959995.02,0.0,131.0,Personal Auto,SUV,943.2
650,Oregon,853510.89,55790.0,111.0,Personal Auto,SUV,117.672722
651,Arizona,829348.19,70258.0,69.0,Personal Auto,Four-Door Car,225.145949
653,Oregon,663685.98,47274.0,83.0,Corporate Auto,Four-Door Car,182.432565
654,Washington,560908.25,44705.0,71.0,Personal Auto,Two-Door Car,148.173152
655,Arizona,507732.09,0.0,73.0,Personal Auto,Two-Door Car,525.6
656,Washington,527562.7,70446.0,65.0,Personal Auto,Four-Door Car,155.570802
657,Washington,251459.2,43860.0,65.0,Personal Auto,Four-Door Car,156.124914
658,Oregon,343525.01,64348.0,86.0,Personal Auto,Two-Door Car,212.391975
659,Oregon,662461.18,0.0,62.0,Corporate Auto,Two-Door Car,297.6
660,California,575744.23,88997.0,72.0,Special Auto,Four-Door Car,174.041566
661,Washington,251459.2,43860.0,65.0,Corporate Auto,Four-Door Car,156.124914
662,California,288645.16,10312.0,78.0,Corporate Auto,Four-Door Car,486.278557
663,California,534143.88,0.0,72.0,Personal Auto,Four-Door Car,345.6
664,Arizona,416001.81,96263.0,103.0,Personal Auto,SUV,1.924709
665,California,284624.54,28919.0,72.0,Corporate Auto,Four-Door Car,518.4
666,Oregon,477025.66,0.0,68.0,Personal Auto,Two-Door Car,326.4
667,Oregon,505961.62,41869.0,64.0,Personal Auto,Two-Door Car,262.12205
668,Arizona,909574.46,0.0,128.0,Personal Auto,SUV,921.6
669,California,268886.4,32808.0,68.0,Personal Auto,Four-Door Car,541.695658
670,California,827763.76,79780.0,68.0,Personal Auto,Four-Door Car,326.4
671,Oregon,905793.53,91025.0,112.0,Personal Auto,SUV,327.682669
672,California,380175.04,33043.0,95.0,Personal Auto,Two-Door Car,456.0
673,Arizona,933934.16,69442.0,118.0,Personal Auto,Four-Door Car,1265.570302
674,Oregon,252012.32,0.0,70.0,Corporate Auto,Four-Door Car,63.043197
675,Arizona,498409.53,0.0,70.0,Corporate Auto,Four-Door Car,336.0
676,Oregon,259574.8,47234.0,65.0,Personal Auto,Four-Door Car,15.631363
677,Oregon,743769.33,86863.0,92.0,Personal Auto,Four-Door Car,441.6
678,Oregon,1453678.76,25805.0,66.0,Personal Auto,Four-Door Car,375.866091
679,Nevada,591330.59,43676.0,76.0,Personal Auto,Four-Door Car,364.8
680,Arizona,277166.3,59855.0,74.0,Personal Auto,Two-Door Car,355.2
681,Arizona,2919436.64,35296.0,126.0,Personal Auto,SUV,452.616872
682,Oregon,988038.58,36576.0,125.0,Personal Auto,SUV,113.450122
683,California,1511440.24,28513.0,100.0,Corporate Auto,SUV,480.0
684,Oregon,575991.08,85448.0,72.0,Special Auto,Four-Door Car,16.03451
685,Oregon,849516.42,23791.0,110.0,Personal Auto,Two-Door Car,615.27228
686,California,438118.42,20597.0,112.0,Personal Auto,Four-Door Car,615.256301
687,Arizona,699782.74,56940.0,87.0,Personal Auto,Four-Door Car,512.66245
688,Oregon,1143058.85,93210.0,71.0,Personal Auto,Two-Door Car,74.523935
689,Oregon,748248.61,48992.0,94.0,Personal Auto,Four-Door Car,426.072946
690,Arizona,859691.66,53736.0,71.0,Personal Auto,Two-Door Car,169.287785
691,Arizona,785496.08,25378.0,66.0,Personal Auto,Four-Door Car,419.464143
692,Oregon,258240.85,76731.0,64.0,Personal Auto,Four-Door Car,201.455005
693,Washington,907576.82,37722.0,116.0,Corporate Auto,Sports Car,158.077504
694,California,411858.86,69379.0,103.0,Personal Auto,Two-Door Car,494.4
695,Oregon,1215732.99,57449.0,103.0,Personal Auto,Four-Door Car,494.4
696,Arizona,515281.96,0.0,68.0,Corporate Auto,Four-Door Car,326.4
697,Nevada,651297.65,0.0,93.0,Personal Auto,Two-Door Car,669.6
698,Arizona,2778969.24,33806.0,89.0,Corporate Auto,Four-Door Car,395.729716
699,Washington,266727.0,94041.0,66.0,Personal Auto,Four-Door Car,159.756733
700,Oregon,1092840.71,74965.0,90.0,Personal Auto,Four-Door Car,58.557552
701,Arizona,761538.13,34095.0,63.0,Personal Auto,Two-Door Car,302.4
702,California,200435.07,0.0,66.0,Personal Auto,Four-Door Car,316.8
703,California,243468.12,96045.0,61.0,Corporate Auto,Four-Door Car,8.582971
704,Nevada,1419536.03,86355.0,118.0,Personal Auto,Sports Car,285.418473
705,California,942768.49,27824.0,118.0,Personal Auto,SUV,566.4
706,California,1198242.09,42995.0,101.0,Personal Auto,SUV,410.508316
707,Oregon,310278.95,21235.0,79.0,Personal Auto,Two-Door Car,244.23135
708,California,422263.12,74585.0,106.0,Personal Auto,SUV,218.598065
709,Oregon,402381.44,41833.0,103.0,Personal Auto,Four-Door Car,643.826716
710,California,529715.18,23908.0,70.0,Personal Auto,Four-Door Car,336.0
711,Oregon,2142363.72,0.0,65.0,Personal Auto,Two-Door Car,312.0
712,Arizona,441620.62,61953.0,113.0,Personal Auto,SUV,497.047297
713,California,463903.52,0.0,142.0,Corporate Auto,SUV,1022.4
714,Nevada,486354.46,0.0,137.0,Personal Auto,SUV,657.6
715,Arizona,2583090.98,73760.0,107.0,Personal Auto,Sports Car,230.245772
716,Oregon,297431.49,23333.0,74.0,Corporate Auto,Four-Door Car,5.622751
717,California,206445.88,0.0,61.0,Personal Auto,Four-Door Car,292.8
718,Arizona,1006460.83,20440.0,128.0,Corporate Auto,Sports Car,614.4
719,Washington,803240.19,27658.0,68.0,Personal Auto,Four-Door Car,160.07526
720,California,548921.41,50943.0,139.0,Special Auto,SUV,667.2
721,California,261275.67,19003.0,71.0,Personal Auto,Two-Door Car,34.651305
722,California,857346.39,46703.0,108.0,Personal Auto,Four-Door Car,678.100487
723,California,2412750.4,14072.0,71.0,Personal Auto,Four-Door Car,511.2
724,Oregon,855038.66,21733.0,73.0,Corporate Auto,Four-Door Car,525.6
725,Arizona,230864.8,20811.0,61.0,Personal Auto,Four-Door Car,292.8
726,Arizona,425462.07,11904.0,61.0,Personal Auto,Two-Door Car,292.8
727,Oregon,898285.04,43490.0,114.0,Corporate Auto,SUV,174.588413
728,California,786816.6,57340.0,67.0,Corporate Auto,Four-Door Car,159.391681
729,California,770424.87,49088.0,97.0,Corporate Auto,Four-Door Car,698.4
730,Nevada,1055217.0,47761.0,131.0,Personal Auto,SUV,232.711071
731,Washington,1604510.95,0.0,65.0,Personal Auto,Two-Door Car,163.046956
732,Arizona,873783.75,61281.0,110.0,Personal Auto,SUV,79.865605
733,Nevada,545489.07,0.0,82.0,Corporate Auto,Two-Door Car,393.6
734,Arizona,770528.33,25290.0,66.0,Personal Auto,Four-Door Car,382.085897
735,Arizona,703926.24,24239.0,88.0,Personal Auto,Four-Door Car,48.348319
736,California,883808.56,82664.0,114.0,Personal Auto,SUV,133.425609
737,Arizona,873352.73,83210.0,110.0,Personal Auto,Sports Car,528.0
738,Oregon,959747.48,38736.0,81.0,Personal Auto,Two-Door Car,561.414794
739,California,450666.02,0.0,66.0,Personal Auto,Four-Door Car,316.8
740,Oregon,1785797.23,55437.0,64.0,Personal Auto,Four-Door Car,445.287788
741,Washington,249780.82,68041.0,6464.0,Personal Auto,Two-Door Car,165.570243
742,Oregon,542613.62,0.0,71.0,Corporate Auto,Four-Door Car,407.99684
743,California,799814.38,29066.0,100.0,Personal Auto,SUV,844.229478
744,Nevada,289762.07,54337.0,72.0,Personal Auto,Four-Door Car,345.6
745,Oregon,1159950.22,67616.0,96.0,Personal Auto,Four-Door Car,340.306584
746,California,1514793.06,41082.0,63.0,Personal Auto,Two-Door Car,106.647493
747,WA,543576.78,0.0,10202.0,Personal Auto,Four-Door Car,626.116259
748,Nevada,272535.64,36650.0,69.0,Personal Auto,Four-Door Car,56.60333
749,Oregon,1329771.23,50631.0,112.0,Special Auto,SUV,784.65781
750,California,992704.97,19592.0,92.0,Personal Auto,Four-Door Car,441.6
751,WA,1777154.9,0.0,114.0,Personal Auto,Two-Door Car,547.2
752,Arizona,1826927.02,55761.0,115.0,Personal Auto,Sports Car,86.27772
753,California,272221.07,17576.0,71.0,Special Auto,Four-Door Car,398.502948
754,California,708321.24,41449.0,89.0,Personal Auto,Four-Door Car,63.516572
755,Cali,1017971.7,14290.0,271.0,Personal Auto,Luxury SUV,1300.8
756,Nevada,588950.91,62007.0,73.0,Personal Auto,Four-Door Car,120.015609
757,Arizona,1577139.34,21921.0,206.0,Corporate Auto,Luxury SUV,1254.137899
758,Arizona,528817.33,42621.0,66.0,Personal Auto,Four-Door Car,316.8
759,Oregon,2758055.4,0.0,87.0,Personal Auto,Four-Door Car,417.6
760,WA,777853.23,63786.0,196.0,Corporate Auto,Luxury SUV,798.002689
761,Cali,734186.13,0.0,104.0,Personal Auto,Sports Car,82.041684
762,Cali,791919.7,82877.0,99.0,Personal Auto,Two-Door Car,22.819088
763,Arizona,216387.02,0.0,63.0,Corporate Auto,Two-Door Car,302.4
764,Nevada,978780.88,10475.0,88.0,Personal Auto,Two-Door Car,422.4
765,Oregon,520764.08,21952.0,66.0,Personal Auto,Four-Door Car,316.8
766,Oregon,2114727.72,49721.0,132.0,Corporate Auto,Sports Car,639.971388
767,Cali,1228076.66,88340.0,102.0,Personal Auto,Two-Door Car,489.6
768,Cali,244139.42,0.0,65.0,Personal Auto,Four-Door Car,312.0
769,Oregon,653556.06,0.0,65.0,Corporate Auto,Four-Door Car,468.0
770,WA,920659.83,24589.0,82.0,Personal Auto,Two-Door Car,511.497882
771,Cali,411858.86,69379.0,103.0,Personal Auto,Two-Door Car,494.4
772,Nevada,483820.9,73769.0,61.0,Personal Auto,Four-Door Car,239.540223
773,Cali,462554.81,66670.0,114.0,Personal Auto,SUV,518.180364
774,Arizona,1404210.3,88854.0,118.0,Personal Auto,Two-Door Car,715.252366
775,Oregon,754661.35,31266.0,193.0,Corporate Auto,Luxury Car,926.4
776,Cali,251459.2,43860.0,65.0,Personal Auto,Four-Door Car,156.124914
777,Cali,517035.84,89284.0,133.0,Corporate Auto,SUV,402.070719
778,Oregon,1391737.72,67267.0,89.0,Corporate Auto,Four-Door Car,94.814032
779,Cali,1131813.08,79270.0,95.0,Personal Auto,Four-Door Car,456.0
780,Oregon,427636.36,36692.0,109.0,Personal Auto,Four-Door Car,523.2
781,Oregon,432224.03,0.0,119.0,Personal Auto,SUV,571.2
782,Cali,800230.83,0.0,107.0,Corporate Auto,SUV,513.6
783,Nevada,388545.64,0.0,105.0,Corporate Auto,Four-Door Car,504.0
784,Oregon,447177.82,0.0,135.0,Personal Auto,SUV,972.0
785,Cali,849635.28,44624.0,71.0,Special Auto,Four-Door Car,73.883044
786,Arizona,2250088.35,0.0,71.0,Corporate Auto,Four-Door Car,340.8
787,Nevada,1630196.76,19614.0,85.0,Personal Auto,Two-Door Car,574.024018
788,Oregon,231973.59,0.0,64.0,Personal Auto,Four-Door Car,632.715382
789,Arizona,871704.98,83846.0,74.0,Special Auto,Four-Door Car,355.2
790,WA,286011.17,51159.0,72.0,Personal Auto,Four-Door Car,4.238626
791,Cali,245340.83,83772.0,62.0,Personal Auto,Two-Door Car,42.248087
792,Arizona,598977.39,66839.0,154.0,Personal Auto,Sports Car,739.2
793,Arizona,2498022.55,88440.0,70.0,Personal Auto,Two-Door Car,27.145151
794,Arizona,748263.95,25666.0,63.0,Personal Auto,Four-Door Car,270.002766
795,Oregon,245757.6,52926.0,61.0,Personal Auto,Four-Door Car,292.8
796,Nevada,237974.12,0.0,67.0,Personal Auto,Four-Door Car,494.946438
797,WA,828696.44,40001.0,70.0,Personal Auto,Four-Door Car,142.567008
798,Cali,239391.54,0.0,70.0,Personal Auto,Four-Door Car,425.266308
799,Oregon,465715.95,18024.0,65.0,Personal Auto,Two-Door Car,312.0
800,Oregon,1319792.89,0.0,68.0,Personal Auto,Four-Door Car,326.4
801,Oregon,280391.67,23220.0,74.0,Personal Auto,Four-Door Car,251.334247
802,Cali,864650.41,64125.0,108.0,Personal Auto,SUV,369.818708
803,Oregon,742587.06,58042.0,62.0,Corporate Auto,Four-Door Car,161.419528
804,Oregon,452873.74,90034.0,112.0,Corporate Auto,SUV,537.6
805,Nevada,222707.28,27972.0,61.0,Special Auto,Four-Door Car,292.8
806,Cali,729294.88,0.0,65.0,Personal Auto,Four-Door Car,312.0
807,Arizona,318435.52,50989.0,80.0,Corporate Auto,Four-Door Car,255.999709
808,Arizona,1131520.37,11885.0,101.0,Special Auto,Four-Door Car,484.8
809,Cali,253070.51,89451.0,63.0,Special Auto,Four-Door Car,61.769564
810,Oregon,1836155.53,0.0,182.0,Personal Auto,Luxury Car,1310.4
811,WA,864153.0,78904.0,109.0,Personal Auto,SUV,250.001424
812,Arizona,327853.19,70247.0,83.0,Personal Auto,Four-Door Car,141.799422
813,Arizona,527198.21,32653.0,67.0,Personal Auto,Two-Door Car,321.6
814,WA,376363.77,93595.0,97.0,Special Auto,Four-Door Car,49.797016
815,Cali,1395556.96,90279.0,115.0,Personal Auto,SUV,372.175592
816,Oregon,500152.75,0.0,72.0,Personal Auto,Four-Door Car,542.14385
817,Cali,708283.04,53310.0,189.0,Personal Auto,Luxury Car,1360.8
818,Cali,761948.28,0.0,105.0,Personal Auto,Four-Door Car,504.0
819,Oregon,1255088.2,22234.0,160.0,Personal Auto,SUV,768.0
820,WA,3219660.04,91375.0,99.0,Personal Auto,Two-Door Car,72.632934
821,Nevada,679377.41,22250.0,86.0,Personal Auto,Two-Door Car,720.601429
822,Oregon,527231.97,0.0,80.0,Personal Auto,Four-Door Car,576.0
823,Oregon,626534.33,0.0,84.0,Personal Auto,Four-Door Car,481.025786
824,Cali,854758.61,51179.0,71.0,Corporate Auto,Four-Door Car,466.176731
825,Cali,278742.37,38667.0,72.0,Personal Auto,Four-Door Car,159.266473
826,Cali,462680.11,79487.0,114.0,Corporate Auto,SUV,547.2
827,Nevada,866336.4,67763.0,107.0,Personal Auto,Four-Door Car,41.283167
828,Nevada,387222.22,0.0,62.0,Corporate Auto,Four-Door Car,503.808329
829,Oregon,517081.15,0.0,71.0,Corporate Auto,Four-Door Car,859.599411
830,Cali,896028.02,71943.0,112.0,Corporate Auto,SUV,305.653785
831,Oregon,547183.43,53526.0,68.0,Personal Auto,Four-Door Car,278.902846
832,Oregon,3493100.17,35005.0,295.0,Personal Auto,Luxury Car,1416.0
833,Cali,262039.23,24721.0,67.0,Personal Auto,Four-Door Car,139.963594
834,WA,1906949.95,0.0,102.0,Personal Auto,Four-Door Car,734.4
835,Arizona,575744.23,88997.0,72.0,Personal Auto,Four-Door Car,174.041566
836,Arizona,4022401.36,48587.0,111.0,Personal Auto,SUV,532.8
837,Arizona,270148.83,76310.0,67.0,Personal Auto,Two-Door Car,321.6
838,Cali,371243.05,73205.0,92.0,Personal Auto,Four-Door Car,37.299865
839,Oregon,2185084.0,51056.0,78.0,Personal Auto,Four-Door Car,95.816516
840,Cali,784016.58,58414.0,210.0,Personal Auto,Luxury SUV,1008.0
841,Cali,823703.79,23940.0,107.0,Personal Auto,SUV,513.6
842,Cali,224347.39,0.0,62.0,Personal Auto,Four-Door Car,446.4
843,Cali,843446.41,44216.0,71.0,Personal Auto,Four-Door Car,72.205362
844,Cali,222707.28,27972.0,61.0,Corporate Auto,Four-Door Car,292.8
845,Arizona,517002.6,0.0,69.0,Personal Auto,Four-Door Car,331.2
846,Cali,264144.61,29305.0,66.0,Personal Auto,Four-Door Car,475.2
847,Cali,279068.3,53882.0,69.0,Personal Auto,Four-Door Car,331.2
848,Oregon,274512.98,91757.0,69.0,Personal Auto,Four-Door Car,331.2
849,Cali,757953.27,33906.0,64.0,Personal Auto,Two-Door Car,401.592109
850,Oregon,1097878.03,68158.0,139.0,Personal Auto,SUV,253.183568
851,Cali,825506.01,0.0,134.0,Personal Auto,SUV,643.2
852,Oregon,474773.46,42165.0,123.0,Corporate Auto,SUV,799.673766
853,WA,354090.43,0.0,101.0,Personal Auto,SUV,727.2
854,Cali,343613.43,30817.0,88.0,Personal Auto,Four-Door Car,91.834668
855,Cali,258218.53,68074.0,65.0,Personal Auto,Four-Door Car,27.987867
856,Washington,1166509.78,84978.0,35353.0,Corporate Auto,Four-Door Car,166.77296
857,Cali,739628.37,71135.0,92.0,Personal Auto,Four-Door Car,270.563995
858,Cali,433079.98,0.0,61.0,Personal Auto,Two-Door Car,292.8
859,Oregon,907576.82,37722.0,116.0,Personal Auto,Sports Car,158.077504
860,Arizona,1463545.16,0.0,139.0,Personal Auto,SUV,667.2
861,Washington,856476.82,95697.0,107.0,Personal Auto,Sports Car,178.006524
862,Cali,1156568.75,64642.0,96.0,Personal Auto,Four-Door Car,404.265696
863,Oregon,277104.5,50071.0,71.0,Personal Auto,Two-Door Car,18.918935
864,Oregon,850712.88,46754.0,106.0,Personal Auto,SUV,513.818403
865,Cali,758211.38,64801.0,64.0,Corporate Auto,Four-Door Car,268.471802
866,Arizona,332309.25,70410.0,83.0,Personal Auto,Four-Door Car,131.828507
867,Nevada,523433.17,66957.0,131.0,Personal Auto,SUV,628.8
868,Nevada,2470959.96,24213.0,78.0,Personal Auto,Four-Door Car,374.4
869,Washington,1778627.78,99790.0,6464.0,Personal Auto,Four-Door Car,178.986788
870,Oregon,255122.67,79751.0,63.0,Personal Auto,Two-Door Car,392.235698
871,Arizona,724771.37,86122.0,182.0,Personal Auto,Luxury SUV,873.6
872,Arizona,453884.78,82297.0,116.0,Personal Auto,Sports Car,0.382107
873,Washington,3164210.46,89057.0,98.0,Corporate Auto,Two-Door Car,187.363583
874,Cali,873042.2,43259.0,73.0,Personal Auto,Four-Door Car,350.4
875,Oregon,833273.06,0.0,79.0,Personal Auto,Four-Door Car,379.2
876,Cali,235774.7,25064.0,62.0,Personal Auto,Four-Door Car,297.6
877,Arizona,463716.4,25816.0,119.0,Personal Auto,Sports Car,571.2
878,Cali,535719.27,0.0,73.0,Personal Auto,Four-Door Car,350.853987
879,Oregon,539197.1,41662.0,69.0,Corporate Auto,Four-Door Car,217.973168
880,Arizona,369414.05,96170.0,92.0,Personal Auto,Four-Door Car,441.6
881,Arizona,504041.24,46072.0,64.0,Personal Auto,Four-Door Car,25.934064
882,Arizona,2749542.19,37931.0,99.0,Personal Auto,Four-Door Car,475.2
883,Oregon,484228.5,35127.0,62.0,Personal Auto,Four-Door Car,297.6
884,Washington,2738281.89,45473.0,76.0,Special Auto,Two-Door Car,188.938397
885,Nevada,522710.19,93087.0,131.0,Corporate Auto,Sports Car,628.8
886,Arizona,259009.6,22398.0,67.0,Personal Auto,Four-Door Car,321.6
887,Cali,1053607.8,92983.0,87.0,Corporate Auto,Four-Door Car,153.205591
888,Arizona,858127.87,27689.0,239.0,Personal Auto,Luxury SUV,2893.239678
889,Cali,946311.33,69654.0,118.0,Corporate Auto,SUV,629.532731
890,Cali,1344100.64,80744.0,111.0,Personal Auto,SUV,361.284757
891,Cali,388650.48,0.0,112.0,Corporate Auto,SUV,1185.988301
892,Arizona,678489.37,0.0,64.0,Personal Auto,Four-Door Car,460.8
893,Arizona,2359468.02,76358.0,66.0,Special Auto,Four-Door Car,86.461582
894,Oregon,253862.63,18608.0,71.0,Corporate Auto,Four-Door Car,340.8
895,Cali,563994.2,73168.0,70.0,Personal Auto,Four-Door Car,425.800112
896,Washington,1168137.43,70930.0,99.0,Personal Auto,Four-Door Car,190.43446
897,Washington,2599775.0,62262.0,72.0,Corporate Auto,Four-Door Car,193.505325
898,Nevada,1377836.93,91474.0,113.0,Corporate Auto,Two-Door Car,24.087774
899,Cali,492318.17,61469.0,63.0,Personal Auto,Four-Door Car,302.4
900,Arizona,227233.54,16618.0,62.0,Special Auto,Four-Door Car,219.288706
901,Cali,1489539.8,48081.0,188.0,Personal Auto,Luxury SUV,881.360959
902,Oregon,975604.5,67632.0,121.0,Personal Auto,Sports Car,26.951627
903,Oregon,942297.41,34115.0,119.0,Personal Auto,SUV,466.122541
904,Arizona,383735.76,23051.0,99.0,Personal Auto,Two-Door Car,475.2
905,Cali,1095213.19,23748.0,99.0,Personal Auto,Four-Door Car,607.095655
906,Arizona,815913.66,40589.0,69.0,Corporate Auto,Four-Door Car,331.2
907,Cali,1948049.98,50809.0,83.0,Personal Auto,Four-Door Car,290.381707
908,Arizona,391936.67,66676.0,97.0,Personal Auto,Four-Door Car,558.099357
909,Nevada,798514.21,52339.0,70.0,Corporate Auto,Four-Door Car,336.0
910,Oregon,1216874.49,14973.0,115.0,Personal Auto,SUV,828.0
911,Arizona,584932.15,0.0,83.0,Corporate Auto,Four-Door Car,540.514115
912,Arizona,508583.66,31546.0,65.0,Personal Auto,Four-Door Car,100.049832
913,Cali,290393.98,67763.0,73.0,Personal Auto,Four-Door Car,59.861963
914,Washington,627317.34,20836.0,79.0,Corporate Auto,Four-Door Car,193.57032
915,Washington,1832141.9,88592.0,76.0,Corporate Auto,Four-Door Car,199.79727
916,Oregon,517870.42,66943.0,65.0,Special Auto,Four-Door Car,53.084753
917,Arizona,1402435.84,81872.0,115.0,Special Auto,Four-Door Car,256.43803
918,Washington,530943.59,22404.0,70.0,Personal Auto,Four-Door Car,211.136067
919,Cali,494980.38,21342.0,62.0,Personal Auto,Four-Door Car,74.350893
920,Cali,859566.53,34621.0,108.0,Corporate Auto,SUV,621.464468
921,Oregon,2295189.2,62396.0,64.0,Personal Auto,Four-Door Car,307.2
922,Oregon,379213.03,97212.0,93.0,Personal Auto,Two-Door Car,360.05589
923,Arizona,275574.8,49648.0,70.0,Personal Auto,Four-Door Car,65.954813
924,Arizona,488033.96,97984.0,61.0,Personal Auto,Four-Door Car,407.450118
925,Cali,905190.53,26308.0,114.0,Corporate Auto,SUV,547.2
926,Oregon,1011544.62,63528.0,256.0,Personal Auto,Luxury Car,1228.8
927,Nevada,826907.54,20225.0,114.0,Special Auto,SUV,547.2
928,Nevada,807165.3,0.0,112.0,Personal Auto,SUV,806.4
929,Oregon,772699.36,87620.0,64.0,Personal Auto,Four-Door Car,24.063693
930,Cali,831113.59,0.0,72.0,Corporate Auto,Four-Door Car,311.329282
931,Nevada,257402.04,34990.0,65.0,Personal Auto,Four-Door Car,42.689135
932,Oregon,572732.71,99934.0,71.0,Special Auto,Four-Door Car,460.323855
933,Washington,367914.21,60804.0,92.0,Personal Auto,Four-Door Car,213.225001
934,Oregon,274451.96,94648.0,69.0,Personal Auto,Four-Door Car,331.2
935,Cali,563674.03,24516.0,71.0,Personal Auto,Four-Door Car,300.607591
936,Arizona,1687038.82,61063.0,85.0,Personal Auto,Four-Door Car,262.504882
937,Cali,273800.2,0.0,74.0,Personal Auto,Two-Door Car,263.365432
938,Oregon,464470.05,0.0,64.0,Corporate Auto,Four-Door Car,307.2
939,Cali,474668.65,15169.0,63.0,Personal Auto,Four-Door Car,302.4
940,Arizona,1687432.82,55390.0,71.0,Corporate Auto,Two-Door Car,256.268091
941,Oregon,238760.61,27592.0,62.0,Personal Auto,Four-Door Car,297.6
942,Washington,446533.57,61846.0,112.0,Personal Auto,SUV,215.8182
943,Arizona,459162.59,83297.0,113.0,Personal Auto,SUV,542.4
944,Arizona,1309258.58,0.0,188.0,Special Auto,Luxury Car,1353.6
945,Oregon,911226.66,0.0,90.0,Personal Auto,Four-Door Car,432.0
946,Cali,416516.66,55897.0,104.0,Personal Auto,Four-Door Car,499.2
947,Arizona,265998.06,21297.0,71.0,Personal Auto,Four-Door Car,45.507952
948,Arizona,1198659.21,87560.0,98.0,Personal Auto,Two-Door Car,470.4
949,Oregon,289873.27,0.0,96.0,Personal Auto,Four-Door Car,691.2
950,Oregon,289424.39,0.0,85.0,Personal Auto,Four-Door Car,408.0
951,Arizona,350045.44,89398.0,86.0,Personal Auto,Four-Door Car,82.409922
952,Cali,262180.86,36843.0,68.0,Corporate Auto,Four-Door Car,357.642982
953,Oregon,1022180.5,0.0,134.0,Personal Auto,SUV,643.2
954,Cali,257827.1,34946.0,65.0,Personal Auto,Two-Door Car,420.35698
955,Arizona,624259.57,75680.0,78.0,Personal Auto,Four-Door Car,136.787725
956,Nevada,522028.1,0.0,69.0,Personal Auto,Four-Door Car,331.2
957,Washington,313643.21,49532.0,79.0,Personal Auto,Four-Door Car,220.186677
958,Arizona,452536.58,10269.0,65.0,Personal Auto,Two-Door Car,170.798204
959,Cali,497035.73,49714.0,63.0,Personal Auto,Four-Door Car,266.165535
960,Cali,1546778.9,77517.0,129.0,Corporate Auto,SUV,98.921782
961,Oregon,583889.92,81082.0,73.0,Personal Auto,Four-Door Car,281.295903
962,Oregon,1065688.2,72540.0,88.0,Corporate Auto,Two-Door Car,631.743039
963,Oregon,228961.87,0.0,65.0,Personal Auto,Four-Door Car,468.0
964,Cali,543980.42,61546.0,68.0,Corporate Auto,Two-Door Car,29.209521
965,Cali,795615.01,44818.0,67.0,Personal Auto,Two-Door Car,136.883999
967,Oregon,255505.15,0.0,72.0,Personal Auto,Four-Door Car,518.4
968,Cali,330799.9,79797.0,84.0,Corporate Auto,Two-Door Car,31.755601
969,Washington,845905.32,92717.0,70.0,Personal Auto,Two-Door Car,224.27582
970,Oregon,1335012.09,28919.0,173.0,Personal Auto,SUV,830.4
971,Arizona,493122.13,0.0,68.0,Personal Auto,Four-Door Car,480.159011
972,Nevada,777683.52,63568.0,65.0,Corporate Auto,Two-Door Car,390.792553
973,Nevada,255367.22,73935.0,64.0,Corporate Auto,Four-Door Car,72.071195
974,Arizona,487646.97,0.0,66.0,Corporate Auto,Two-Door Car,316.8
975,Oregon,903430.58,18846.0,115.0,Personal Auto,SUV,552.0
976,Arizona,810591.08,38893.0,103.0,Personal Auto,SUV,41.965252
977,Oregon,561968.91,0.0,153.0,Special Auto,SUV,1027.000029
978,Cali,1572713.06,84824.0,196.0,Corporate Auto,SUV,319.820747
979,Cali,661801.64,20068.0,86.0,Corporate Auto,Four-Door Car,411.011162
980,Oregon,467004.8,0.0,125.0,Corporate Auto,SUV,600.0
981,Arizona,1016936.98,0.0,135.0,Personal Auto,Sports Car,648.0
982,Cali,832307.4,97245.0,70.0,Personal Auto,Four-Door Car,4.110585
983,Cali,241776.0,51808.0,61.0,Personal Auto,Four-Door Car,351.149904
984,Cali,804487.24,71391.0,67.0,Personal Auto,Four-Door Car,284.000172
985,Oregon,532572.45,0.0,73.0,Personal Auto,Two-Door Car,496.474767
986,Arizona,694752.4,0.0,100.0,Personal Auto,SUV,925.137143
987,Oregon,584741.52,23496.0,77.0,Special Auto,Four-Door Car,13.164097
988,Washington,793690.2593445693,55561.0,63.0,Personal Auto,Four-Door Car,227.872071
989,Nevada,472478.61,23986.0,119.0,Corporate Auto,SUV,463.335061
990,Arizona,279022.8,22974.0,71.0,Personal Auto,Four-Door Car,180.667969
991,Oregon,2153133.28,0.0,101.0,Personal Auto,Four-Door Car,484.8
992,Arizona,1262283.27,61844.0,106.0,Personal Auto,Sports Car,508.8
993,Arizona,2017196.15,24804.0,73.0,Personal Auto,Two-Door Car,350.4
994,Cali,1646436.59,27760.0,104.0,Personal Auto,SUV,302.764283
995,Oregon,559538.99,74454.0,71.0,Personal Auto,Four-Door Car,340.8
997,Arizona,266544.71,52266.0,68.0,Corporate Auto,Two-Door Car,141.922839
998,Oregon,709891.41,0.0,70.0,Personal Auto,Two-Door Car,349.783046
999,Cali,397134.51,23599.0,103.0,Corporate Auto,SUV,494.4
1000,Oregon,552821.28,36088.0,72.0,Personal Auto,Four-Door Car,345.6
1001,Cali,833899.58,70534.0,104.0,Personal Auto,Four-Door Car,54.065538
1002,Oregon,3844585.59,27398.0,125.0,Personal Auto,SUV,600.0
1003,Nevada,544855.52,85296.0,68.0,Personal Auto,Four-Door Car,342.515136
1004,Arizona,1080806.6,31063.0,92.0,Personal Auto,Four-Door Car,441.6
1005,Cali,618509.65,0.0,92.0,Personal Auto,Two-Door Car,1027.177255
1006,Nevada,320822.59,52367.0,81.0,Personal Auto,Four-Door Car,275.989978
1007,Arizona,548010.41,58651.0,71.0,Personal Auto,Four-Door Car,472.599683
1008,Nevada,2298615.39,84831.0,192.0,Special Auto,Sports Car,1336.931716
1009,Oregon,1310792.59,49088.0,114.0,Corporate Auto,SUV,547.2
1010,Cali,746292.63,70263.0,93.0,Corporate Auto,Two-Door Car,7.345946
1011,Oregon,1146399.1,45354.0,285.0,Personal Auto,Luxury SUV,540.141566
1012,Arizona,723613.25,0.0,63.0,Personal Auto,Four-Door Car,383.363758
1013,Cali,623268.79,28334.0,83.0,Special Auto,Four-Door Car,537.765151
1014,Oregon,2839332.99,38772.0,90.0,Personal Auto,Four-Door Car,321.873474
1015,Oregon,374675.16,41479.0,94.0,Personal Auto,Two-Door Car,19.575683
1016,Cali,2156933.73,23909.0,119.0,Personal Auto,SUV,571.2
1017,Cali,501208.37,48328.0,63.0,Personal Auto,Two-Door Car,108.138715
1018,Cali,337185.84,86689.0,85.0,Corporate Auto,Two-Door Car,408.0
1019,Cali,386477.68,24204.0,99.0,Personal Auto,Four-Door Car,707.303416
1020,Oregon,414571.19,25943.0,110.0,Corporate Auto,Two-Door Car,1067.333126
1021,Cali,515607.27,0.0,73.0,Personal Auto,Four-Door Car,807.947292
1022,Cali,366737.5,62375.0,92.0,Personal Auto,Two-Door Car,618.630955
1023,Cali,783568.35,0.0,71.0,Corporate Auto,Four-Door Car,404.272806
1024,Arizona,1456726.84,0.0,148.0,Personal Auto,SUV,710.4
1025,Oregon,1017133.9,70200.0,65.0,Corporate Auto,Four-Door Car,312.0
1026,Nevada,413577.52,0.0,112.0,Special Auto,Four-Door Car,707.977614
1027,Oregon,551149.11,79027.0,70.0,Corporate Auto,Four-Door Car,336.0
1028,Washington,1131424.39,62935.0,141.0,Personal Auto,Sports Car,232.242326
1029,Cali,541461.73,26893.0,68.0,Personal Auto,Four-Door Car,68.226001
1030,Oregon,742159.35,47406.0,94.0,Personal Auto,Four-Door Car,287.149807
1031,Cali,445811.34,17622.0,65.0,Personal Auto,Four-Door Car,312.0
1032,Oregon,1447612.49,27572.0,124.0,Corporate Auto,SUV,595.2
1033,Oregon,493688.84,0.0,72.0,Personal Auto,Two-Door Car,391.636628
1034,Oregon,452527.65,32802.0,114.0,Personal Auto,SUV,547.2
1035,Washington,558176.13,62739.0,70.0,Personal Auto,Two-Door Car,239.328571
1036,Cali,1413434.74,90844.0,118.0,Personal Auto,SUV,232.674417
1037,Nevada,2472318.31,44685.0,69.0,Personal Auto,Four-Door Car,331.2
1038,Cali,283806.78,0.0,80.0,Personal Auto,Four-Door Car,336.50961
1039,Cali,384848.36,42589.0,98.0,Corporate Auto,Four-Door Car,470.4
1040,Oregon,1950447.39,0.0,72.0,Personal Auto,Four-Door Car,345.6
1041,Washington,248004.59,93383.0,62.0,Corporate Auto,Two-Door Car,244.212286
1042,Arizona,436137.29,79583.0,109.0,Personal Auto,Four-Door Car,523.2
1043,Arizona,252907.75,89129.0,64.0,Personal Auto,Four-Door Car,328.870868
1044,Arizona,250444.48,0.0,69.0,Personal Auto,Four-Door Car,496.8
1045,Oregon,864970.06,94389.0,107.0,Corporate Auto,SUV,85.063708
1046,Oregon,1366835.53,0.0,197.0,Personal Auto,SUV,1418.4
1047,Oregon,2063508.46,84106.0,64.0,Personal Auto,Two-Door Car,334.408717
1048,Arizona,251753.36,0.0,69.0,Personal Auto,Four-Door Car,42.096415
1049,Cali,532667.77,76717.0,66.0,Personal Auto,Two-Door Car,300.528579
1050,Arizona,260027.21,51978.0,66.0,Corporate Auto,Four-Door Car,144.782152
1051,Oregon,853479.28,47325.0,107.0,Personal Auto,SUV,64.598216
1052,Oregon,882883.5,86721.0,111.0,Corporate Auto,SUV,532.8
1053,Nevada,224844.96,24910.0,63.0,Personal Auto,Four-Door Car,347.857619
1054,Washington,1230276.24,43817.0,62.0,Personal Auto,Four-Door Car,245.447622
1055,Oregon,455659.3,0.0,73.0,Personal Auto,Four-Door Car,525.6
1056,Oregon,253070.51,89451.0,63.0,Corporate Auto,Four-Door Car,61.769564
1057,Cali,525198.4,59537.0,66.0,Personal Auto,Two-Door Car,316.8
1058,Oregon,674311.93,0.0,199.0,Personal Auto,Luxury SUV,955.2
1059,Oregon,1401472.13,54193.0,117.0,Corporate Auto,SUV,720.752945
1060,Oregon,943891.56,86946.0,118.0,Personal Auto,Four-Door Car,340.656963
1061,Cali,1050677.17,0.0,92.0,Personal Auto,Four-Door Car,546.524896
1062,Arizona,421391.86,12160.0,109.0,Personal Auto,Four-Door Car,489.411833
1063,Cali,477368.64,33701.0,63.0,Personal Auto,Four-Door Car,171.325856
1064,Washington,544142.01,85702.0,67.0,Personal Auto,Two-Door Car,249.085887
1065,Cali,284226.69,69417.0,73.0,Personal Auto,Four-Door Car,30.874869
1066,Oregon,305955.03,38644.0,78.0,Personal Auto,Four-Door Car,361.455219
1067,Cali,2031499.76,63209.0,102.0,Personal Auto,SUV,207.320041
1068,Arizona,323912.47,16061.0,88.0,Personal Auto,Four-Door Car,633.6
1069,California,462680.11,79487.0,114.0,Special Auto,SUV,547.2
1070,California,899704.02,54230.0,112.0,Personal Auto,Two-Door Car,537.6
1071,,793690.2593445693,,,,,
